PLAYERACTION,SetHotbar,ITEM
PLAYERACTION,SetReducedDebug
PLAYERACTION,CloseInv
PLAYERACTION,GiveItems,ITEM,NUMBER
PLAYERACTION,NoKeepInv
PLAYERACTION,BossBar,TEXT,NUMBER,NUMBER
PLAYERACTION,ParticleSphere,PARTICLE,LOCATION,NUMBER
PLAYERACTION,SetAtkSpeed,NUMBER
PLAYERACTION,SetVelocity,VECTOR
PLAYERACTION,Particle,PARTICLE,LOCATION
PLAYERACTION,AddInvRow,ITEM
PLAYERACTION,DisablePvp
PLAYERACTION,NoNatRegen
PLAYERACTION,DisplayLightning,LOCATION
PLAYERACTION,ReplaceProj
PLAYERACTION,Damage,NUMBER,TEXT
PLAYERACTION,SetExp,NUMBER
PLAYERACTION,SendAnimation
PLAYERACTION,SetXPProg,NUMBER
PLAYERACTION,SetInventory,ITEM
PLAYERACTION,TpSequence,LOCATION,NUMBER
PLAYERACTION,Heal,NUMBER,NONE
PLAYERACTION,SetSpawnPoint,LOCATION,NONE
PLAYERACTION,ParticleSpiral,PARTICLE,LOCATION,NUMBER,NUMBER,NUMBER,NUMBER
PLAYERACTION,SetInventoryKept
PLAYERACTION,SetAllowFlight
PLAYERACTION,LaunchUp,NUMBER
PLAYERACTION,SetMaxHealth,NUMBER
PLAYERACTION,RemoveBossBar,NUMBER,NONE
PLAYERACTION,GetTargetEntity
PLAYERACTION,AdventureMode
PLAYERACTION,ForceFlight
PLAYERACTION,LoadInv
PLAYERACTION,SpectatorMode
PLAYERACTION,ClearPotions
PLAYERACTION,Kick
PLAYERACTION,SetTabListInfo,TEXT
PLAYERACTION,EnablePvp
PLAYERACTION,ProjColl
PLAYERACTION,HideDisguise
PLAYERACTION,SpectateTarget,TEXT,NONE
PLAYERACTION,SurvivalMode
PLAYERACTION,SetBossBar,TEXT,NUMBER,NUMBER,NUMBER
PLAYERACTION,SetSkin,ITEM,NONE
PLAYERACTION,SetStatus,TEXT,NONE
PLAYERACTION,SetInvulTicks,NUMBER
PLAYERACTION,SetCursorItem,ITEM
PLAYERACTION,SetAbsorption,NUMBER
PLAYERACTION,SetFireTicks,NUMBER
PLAYERACTION,SetGamemode
PLAYERACTION,RemoveInvRow,NUMBER
PLAYERACTION,EnableFlight
PLAYERACTION,DisableBlocks,BLOCK
PLAYERACTION,LSetHealth
PLAYERACTION,ParticleEffect
PLAYERACTION,ClearInv
PLAYERACTION,SetFreezeTicks,NUMBER
PLAYERACTION,SetGliding
PLAYERACTION,SetRotation,NUMBER,NUMBER
PLAYERACTION,DisallowDrops
PLAYERACTION,ParticleCircle,PARTICLE,LOCATION,NUMBER
PLAYERACTION,ClearItems,ITEM
PLAYERACTION,DisplayBlock,BLOCK,LOCATION,LOCATION,BLOCK_TAG
PLAYERACTION,RideEntity,TEXT,NONE
PLAYERACTION,WeatherRain
PLAYERACTION,SetFlying
PLAYERACTION,RmWorldBorder
PLAYERACTION,DisplayBlockOpen,LOCATION
PLAYERACTION,SetHandItem
PLAYERACTION,SendAdvancement,TEXT,ITEM
PLAYERACTION,Teleport,LOCATION
PLAYERACTION,ClearChat
PLAYERACTION,SetAllowPVP
PLAYERACTION,SetMenuItem,NUMBER,ITEM
PLAYERACTION,LaunchToward,LOCATION,NUMBER
PLAYERACTION,SetArmor,ITEM
PLAYERACTION,DisplayGateway,LOCATION
PLAYERACTION,DisableFlight
PLAYERACTION,SetDisguiseVisible
PLAYERACTION,SetArrowsStuck,NUMBER
PLAYERACTION,GiveExp,NUMBER
PLAYERACTION,FaceLocation,LOCATION
PLAYERACTION,SetItems
PLAYERACTION,KeepInv
PLAYERACTION,ReplaceItems,ITEM,ITEM,NUMBER
PLAYERACTION,ActionBar,TEXT
PLAYERACTION,SetChatTag,TEXT,NONE
PLAYERACTION,SendMessage,TEXT
PLAYERACTION,ShiftWorldBorder,NUMBER,NUMBER
PLAYERACTION,SetSlotItem,ITEM,NUMBER
PLAYERACTION,PlaySoundSeq,SOUND,NUMBER,LOCATION
PLAYERACTION,ParticleLineA,PARTICLE,LOCATION,LOCATION,NUMBER,NUMBER
PLAYERACTION,DisplaySignText,LOCATION,TEXT
PLAYERACTION,Respawn
PLAYERACTION,SetSpeed,NUMBER
PLAYERACTION,ExpandInv,ITEM
PLAYERACTION,SetInvName,TEXT
PLAYERACTION,LaunchProj,PROJECTILE,LOCATION,TEXT,NUMBER,NUMBER
PLAYERACTION,SetItemCooldown,ITEM,NUMBER
PLAYERACTION,SetPlayerWeather
PLAYERACTION,SendHover,TEXT,TEXT
PLAYERACTION,NoProjColl
PLAYERACTION,ShowDisguise
PLAYERACTION,SetAirTicks,NUMBER
PLAYERACTION,DisplayPickup,TEXT,TEXT
PLAYERACTION,ParticleCuboidA,PARTICLE,LOCATION,LOCATION,NUMBER,NUMBER
PLAYERACTION,ChatColor,TEXT,NONE
PLAYERACTION,SetWorldBorder,LOCATION,NUMBER,NUMBER
PLAYERACTION,SetPlayerTime,NUMBER,NONE
PLAYERACTION,NatRegen
PLAYERACTION,GivePotion,POTION
PLAYERACTION,PlaySound,SOUND,LOCATION
PLAYERACTION,SetCompass,LOCATION
PLAYERACTION,RemoveItems,ITEM
PLAYERACTION,RngTeleport,LOCATION
PLAYERACTION,BoostElytra,ITEM
PLAYERACTION,SaveInv
PLAYERACTION,OpenBook,ITEM
PLAYERACTION,SetHealth,NUMBER
PLAYERACTION,MobDisguise,SPAWN_EGG,TEXT
PLAYERACTION,BlockDisguise,BLOCK,TEXT
PLAYERACTION,NoDeathDrops
PLAYERACTION,EnableBlocks,BLOCK
PLAYERACTION,WalkSpeed,NUMBER
PLAYERACTION,OpenBlockInv,LOCATION
PLAYERACTION,SetCollidable
PLAYERACTION,LaunchFwd,NUMBER
PLAYERACTION,ParticleCircleA,PARTICLE,LOCATION,NUMBER,NUMBER
PLAYERACTION,RemoveBossBar
PLAYERACTION,SetFallDistance,NUMBER
PLAYERACTION,CreativeMode
PLAYERACTION,SetEquipment,ITEM
PLAYERACTION,AttackAnimation
PLAYERACTION,GiveRngItem
PLAYERACTION,SetDropsEnabled
PLAYERACTION,RemovePotion,POTION
PLAYERACTION,DisplayHologram,LOCATION,TEXT,NONE
PLAYERACTION,DisplayFracture,LOCATION,NUMBER
PLAYERACTION,SetEntityHidden,TEXT
PLAYERACTION,AllowDrops
PLAYERACTION,DeathDrops
PLAYERACTION,ShowInv,ITEM
PLAYERACTION,SetSlot,NUMBER
PLAYERACTION,ParticleRay,PARTICLE,LOCATION,VECTOR,NUMBER
PLAYERACTION,SetFoodLevel,NUMBER
PLAYERACTION,PlayerDisguise,TEXT,ITEM
PLAYERACTION,ParticleCuboid,PARTICLE,LOCATION,LOCATION,NUMBER
PLAYERACTION,SendMessageSeq,TEXT,NUMBER
PLAYERACTION,SetSaturation,NUMBER
PLAYERACTION,WeatherClear
PLAYERACTION,Undisguise
PLAYERACTION,ParticleSpiralA,PARTICLE,LOCATION,NUMBER,NUMBER,NUMBER,NUMBER,NUMBER
PLAYERACTION,SendTitle,TEXT,TEXT,NUMBER,NUMBER,NUMBER
PLAYERACTION,InstantRespawn
PLAYERACTION,StopSound,SOUND
PLAYERACTION,SetNameColor,TEXT,NONE
PLAYERACTION,ParticleLine,PARTICLE,LOCATION,LOCATION,NUMBER
IFPLAYER,IsLookingAt,BLOCK,LOCATION,NUMBER
IFPLAYER,InWorldBorder,LOCATION
IFPLAYER,HasRoomForItem,ITEM,NONE
IFPLAYER,IsHoldingOff
IFPLAYER,NoItemCooldown,ITEM
IFPLAYER,IsUsingItem,ITEM
IFPLAYER,HasAllItems
IFPLAYER,IsSwimming
IFPLAYER,HasItem,ITEM
IFPLAYER,BlockEquals
IFPLAYER,IsWearing,ITEM
IFPLAYER,IsNear,LOCATION,NUMBER
IFPLAYER,IsRiding,TEXT
IFPLAYER,StandingOn,BLOCK,LOCATION
IFPLAYER,CmdEquals
IFPLAYER,IsGrounded
IFPLAYER,CursorItem,ITEM
IFPLAYER,SlotEquals,NUMBER
IFPLAYER,ItemEquals
IFPLAYER,IsHoldingMain
IFPLAYER,IsHolding,ITEM
IFPLAYER,MenuSlotEquals,NUMBER,ITEM
IFPLAYER,IsBlocking
IFPLAYER,HasPermission
IFPLAYER,IsSneaking
IFPLAYER,IsFlying
IFPLAYER,HasPotion,POTION
IFPLAYER,NameEquals,TEXT
IFPLAYER,InvOpen
IFPLAYER,HasSlotItem,NUMBER,ITEM
IFPLAYER,IsSprinting
IFPLAYER,IsGliding
IFPLAYER,CmdArgEquals
STARTPROCESS,dynamic
CALLFUNCTION,dynamic
CONTROL,StopRepeat
CONTROL,Return
CONTROL,ReturnNTimes
CONTROL,Skip
CONTROL,End
CONTROL,Wait,NUMBER
SETVARIABLE,SetParticleType,VARIABLE,PARTICLE,TEXT
SETVARIABLE,SetItemEnchants,VARIABLE,ITEM,LIST
SETVARIABLE,PurgeVars,TEXT
SETVARIABLE,ShiftAllAxes,VARIABLE,LOCATION,NUMBER,NUMBER,NUMBER
SETVARIABLE,GetParticleMat,VARIABLE,PARTICLE
SETVARIABLE,SetParticleSprd,VARIABLE,PARTICLE,NUMBER,NUMBER
SETVARIABLE,AbsoluteValue,VARIABLE,NUMBER
SETVARIABLE,AppendValue,VARIABLE,ANY_TYPE
SETVARIABLE,%,VARIABLE,NUMBER,NUMBER
SETVARIABLE,ShiftOnVector,VARIABLE,LOCATION,VECTOR,NUMBER,NONE
SETVARIABLE,GetItemAttribute,VARIABLE,ITEM
SETVARIABLE,ClearDict,VARIABLE
SETVARIABLE,+,VARIABLE,NUMBER
SETVARIABLE,ShiftRotation,VARIABLE,LOCATION,NUMBER
SETVARIABLE,-,VARIABLE,NUMBER
SETVARIABLE,GetItemRarity,VARIABLE,ITEM
SETVARIABLE,MultiplyVector,VARIABLE,VECTOR,NUMBER
SETVARIABLE,/,VARIABLE,NUMBER
SETVARIABLE,GetSignText,VARIABLE,LOCATION
SETVARIABLE,Bitwise,VARIABLE,NUMBER,NUMBER
SETVARIABLE,ParseX
SETVARIABLE,ShiftOnAxis,VARIABLE,LOCATION,NUMBER
SETVARIABLE,ParseY
SETVARIABLE,VectorBetween,VARIABLE,LOCATION,LOCATION
SETVARIABLE,ParseZ
SETVARIABLE,GetVectorComp,VARIABLE,VECTOR
SETVARIABLE,=,VARIABLE,ANY_TYPE
SETVARIABLE,RmText
SETVARIABLE,AddItemAttribute,VARIABLE,ITEM,NUMBER
SETVARIABLE,GetCenterLoc,VARIABLE,LOCATION
SETVARIABLE,AlignLoc,VARIABLE,LOCATION
SETVARIABLE,GetSoundVolume,VARIABLE,SOUND
SETVARIABLE,RandomNumber,VARIABLE,NUMBER,NUMBER
SETVARIABLE,Raycast,VARIABLE,LOCATION,NUMBER
SETVARIABLE,RotateAroundVec,VARIABLE,VECTOR,VECTOR,NUMBER
SETVARIABLE,GetParticleMotion,VARIABLE,PARTICLE
SETVARIABLE,SetParticleMotion,VARIABLE,PARTICLE,VECTOR,NUMBER
SETVARIABLE,RepeatText,VARIABLE,TEXT,NUMBER
SETVARIABLE,Average,VARIABLE,NUMBER
SETVARIABLE,WrapNumber,VARIABLE,NUMBER,NUMBER,NUMBER
SETVARIABLE,SetY
SETVARIABLE,SetMapTexture,VARIABLE,ITEM,TEXT
SETVARIABLE,GetBlockData,VARIABLE,LOCATION,TEXT
SETVARIABLE,SetX
SETVARIABLE,CrossProduct,VARIABLE,VECTOR,VECTOR
SETVARIABLE,x,VARIABLE,NUMBER
SETVARIABLE,ParseYaw
SETVARIABLE,DotProduct,VARIABLE,VECTOR,VECTOR
SETVARIABLE,SetZ
SETVARIABLE,GetPotionType,VARIABLE,POTION
SETVARIABLE,SetItemName,VARIABLE,ITEM,TEXT
SETVARIABLE,ListLength,VARIABLE,LIST
SETVARIABLE,Sine,VARIABLE,NUMBER
SETVARIABLE,DirectionName,VARIABLE,VECTOR
SETVARIABLE,GetItemLore,VARIABLE,ITEM
SETVARIABLE,ReverseList,VARIABLE,LIST
SETVARIABLE,CreateDict,VARIABLE,LIST,LIST
SETVARIABLE,FaceLocation,VARIABLE,LOCATION,LOCATION
SETVARIABLE,SetVectorLength,VARIABLE,VECTOR,NUMBER
SETVARIABLE,SetPotionDur,VARIABLE,POTION,NUMBER
SETVARIABLE,NormalRandom,VARIABLE,NUMBER,NUMBER
SETVARIABLE,SetPotionType,VARIABLE,POTION,TEXT
SETVARIABLE,AlignVector,VARIABLE,VECTOR
SETVARIABLE,SetItemDura,VARIABLE,ITEM,NUMBER
SETVARIABLE,SetBreakability,VARIABLE,ITEM
SETVARIABLE,RaycastEntity
SETVARIABLE,SetDictValue,VARIABLE,TEXT,ANY_TYPE
SETVARIABLE,SetAllCoords,VARIABLE,LOCATION,NUMBER,NUMBER,NUMBER,NUMBER,NUMBER
SETVARIABLE,RGBColor,VARIABLE,NUMBER,NUMBER,NUMBER,LIST
SETVARIABLE,SetCanDestroy,VARIABLE,ITEM,BLOCK
SETVARIABLE,SplitText,VARIABLE,TEXT,TEXT
SETVARIABLE,HSLColor,VARIABLE,NUMBER,NUMBER,NUMBER,LIST
SETVARIABLE,GetDirection
SETVARIABLE,RemoveListIndex,VARIABLE,NUMBER
SETVARIABLE,Logarithm,VARIABLE,NUMBER,NUMBER
SETVARIABLE,SetItemTag,VARIABLE,ITEM,TEXT,NUMBER,TEXT
SETVARIABLE,GetItemAmount,VARIABLE,ITEM
SETVARIABLE,SetPotionAmp,VARIABLE,POTION,NUMBER
SETVARIABLE,RotateAroundAxis,VARIABLE,VECTOR,NUMBER
SETVARIABLE,GetItemName,VARIABLE,ITEM
SETVARIABLE,GetItemDura,VARIABLE,ITEM
SETVARIABLE,ShiftInDirection,VARIABLE,LOCATION,NUMBER
SETVARIABLE,ReplaceText,VARIABLE,TEXT,TEXT,TEXT
SETVARIABLE,TextLength,VARIABLE,TEXT
SETVARIABLE,SetLodestoneLoc,VARIABLE,ITEM,LOCATION
SETVARIABLE,GetPotionAmp,VARIABLE,POTION
SETVARIABLE,GetParticleAmount,VARIABLE,PARTICLE
SETVARIABLE,GetDictSize,VARIABLE,DICT
SETVARIABLE,SetItemAmount,VARIABLE,ITEM,NUMBER
SETVARIABLE,SubtractVectors,VARIABLE,VECTOR
SETVARIABLE,SetCase,VARIABLE,TEXT
SETVARIABLE,SetParticleColor,VARIABLE,PARTICLE,TEXT,NUMBER
SETVARIABLE,GetLight,VARIABLE,LOCATION
SETVARIABLE,GetDictValues,VARIABLE,DICT
SETVARIABLE,Vector,VARIABLE,NUMBER,NUMBER,NUMBER
SETVARIABLE,Distance,VARIABLE,LOCATION,LOCATION
SETVARIABLE,SetItemLore,VARIABLE,ITEM,TEXT,TEXT,NUMBER
SETVARIABLE,Root,VARIABLE,NUMBER,NUMBER
SETVARIABLE,SetParticleAmount,VARIABLE,PARTICLE,NUMBER
SETVARIABLE,AddItemEnchant,VARIABLE,ITEM,TEXT,NUMBER
SETVARIABLE,GetItemType,VARIABLE,ITEM
SETVARIABLE,GetDirection,VARIABLE,LOCATION
SETVARIABLE,TrimText,VARIABLE,TEXT,NUMBER,NUMBER
SETVARIABLE,GetParticleType,VARIABLE,PARTICLE
SETVARIABLE,GetAllBlockData,VARIABLE,LOCATION
SETVARIABLE,GetDictKeys,VARIABLE,DICT
SETVARIABLE,SetParticleMat,VARIABLE,PARTICLE,ITEM
SETVARIABLE,GetCoord,VARIABLE,LOCATION
SETVARIABLE,RemoveItemTag,VARIABLE,ITEM,TEXT
SETVARIABLE,SetParticleSize,VARIABLE,PARTICLE,NUMBER,NUMBER
SETVARIABLE,GetPotionDur,VARIABLE,POTION
SETVARIABLE,RandomLoc,VARIABLE,LOCATION,LOCATION
SETVARIABLE,SetSoundType,VARIABLE,SOUND,TEXT
SETVARIABLE,GetLodestoneLoc,VARIABLE,ITEM
SETVARIABLE,ShiftDirection
SETVARIABLE,GetContainerName,VARIABLE,LOCATION
SETVARIABLE,GetParticleSprd,VARIABLE,PARTICLE
SETVARIABLE,ReflectVector,VARIABLE,VECTOR,VECTOR
SETVARIABLE,GetHeadOwner,VARIABLE,ITEM
SETVARIABLE,GetItemEnchants,VARIABLE,ITEM
SETVARIABLE,AppendDict,VARIABLE,DICT
SETVARIABLE,GetMaxItemAmount,VARIABLE,ITEM
SETVARIABLE,GetColorChannels,VARIABLE,TEXT
SETVARIABLE,SetDirection,VARIABLE,LOCATION,VECTOR
SETVARIABLE,SetListValue,VARIABLE,NUMBER,ANY_TYPE
SETVARIABLE,SetItemEnchants,VARIABLE,ITEM,DICT
SETVARIABLE,SetBookText,VARIABLE,ITEM,TEXT,TEXT,NUMBER
SETVARIABLE,RandomValue,VARIABLE,ANY_TYPE
SETVARIABLE,SetItemType,VARIABLE,ITEM,TEXT
SETVARIABLE,GetSoundType,VARIABLE,SOUND
SETVARIABLE,GetListValue,VARIABLE,LIST,NUMBER
SETVARIABLE,Tangent,VARIABLE,NUMBER
SETVARIABLE,Text,VARIABLE,ANY_TYPE
SETVARIABLE,VoronoiNoise,VARIABLE,LOCATION,NUMBER,NUMBER,NUMBER
SETVARIABLE,SetDirection
SETVARIABLE,HSBColor,VARIABLE,NUMBER,NUMBER,NUMBER,LIST
SETVARIABLE,+=,VARIABLE,NUMBER
SETVARIABLE,GetItemColor,VARIABLE,ITEM
SETVARIABLE,InsertListValue,VARIABLE,NUMBER,ANY_TYPE
SETVARIABLE,SetSoundVolume,VARIABLE,SOUND,NUMBER
SETVARIABLE,SetCoord,VARIABLE,LOCATION,NUMBER
SETVARIABLE,AddVectors,VARIABLE,VECTOR
SETVARIABLE,SetPitch
SETVARIABLE,RaycastBlock
SETVARIABLE,GetItemEnchants,VARIABLE,ITEM
SETVARIABLE,SetHeadTexture,VARIABLE,ITEM,TEXT
SETVARIABLE,PerlinNoise,VARIABLE,LOCATION,NUMBER,NUMBER,NUMBER,NUMBER,NUMBER
SETVARIABLE,WorleyNoise,VARIABLE,LOCATION,NUMBER,NUMBER,NUMBER
SETVARIABLE,SetItemColor,VARIABLE,ITEM,TEXT
SETVARIABLE,GetParticleColor,VARIABLE,PARTICLE
SETVARIABLE,SetSoundPitch,VARIABLE,SOUND,NUMBER,TEXT
SETVARIABLE,SortList,VARIABLE,LIST
SETVARIABLE,RemoveDictEntry,VARIABLE,TEXT,ANY_TYPE
SETVARIABLE,FormatTime,VARIABLE,NUMBER,TEXT
SETVARIABLE,SetItemFlags,VARIABLE,ITEM
SETVARIABLE,GetItemEffects,VARIABLE,ITEM
SETVARIABLE,SetYaw
SETVARIABLE,SetItemEffects,VARIABLE,ITEM,POTION
SETVARIABLE,-=,VARIABLE,NUMBER
SETVARIABLE,GetItemTag,VARIABLE,ITEM,TEXT
SETVARIABLE,CreateList,VARIABLE,ANY_TYPE
SETVARIABLE,AppendList,VARIABLE,LIST
SETVARIABLE,GetContainerItems,VARIABLE,LOCATION
SETVARIABLE,ShiftToward,VARIABLE,LOCATION,LOCATION,NUMBER
SETVARIABLE,TrimList,VARIABLE,LIST,NUMBER,NUMBER
SETVARIABLE,RemoveText,VARIABLE,TEXT,TEXT
SETVARIABLE,Cosine,VARIABLE,NUMBER
SETVARIABLE,SetVectorComp,VARIABLE,VECTOR,NUMBER
SETVARIABLE,ParseNumber,VARIABLE,TEXT
SETVARIABLE,Exponent,VARIABLE,NUMBER,NUMBER
SETVARIABLE,ShiftAllDirs
SETVARIABLE,GetValueIndex,VARIABLE,LIST,ANY_TYPE
SETVARIABLE,RemItemEnchant,VARIABLE,ITEM,TEXT
SETVARIABLE,GetBookText,VARIABLE,ITEM,NUMBER,NONE
SETVARIABLE,ShiftLocation
SETVARIABLE,RandomizeList,VARIABLE,LIST
SETVARIABLE,ClampNumber,VARIABLE,NUMBER,NUMBER,NUMBER
SETVARIABLE,Round,VARIABLE,NUMBER,NUMBER
SETVARIABLE,GetSoundPitch,VARIABLE,SOUND
SETVARIABLE,JoinText,VARIABLE,LIST,TEXT,TEXT
SETVARIABLE,TranslateColors,VARIABLE,TEXT
SETVARIABLE,GetBlockGrowth,VARIABLE,LOCATION
SETVARIABLE,GetAllItemTags,VARIABLE,ITEM
SETVARIABLE,RemoveListValue,VARIABLE,ANY_TYPE
SETVARIABLE,ShiftAllDirections,VARIABLE,LOCATION,NUMBER,NUMBER,NUMBER
SETVARIABLE,SetCanPlaceOn,VARIABLE,ITEM,BLOCK
SETVARIABLE,GetBlockType,VARIABLE,LOCATION
SETVARIABLE,ParsePitch
SETVARIABLE,GetDictValue,VARIABLE,DICT,TEXT
SETVARIABLE,ContainerLock,VARIABLE,LOCATION
SETVARIABLE,GetBlockPower,VARIABLE,LOCATION
SETVARIABLE,GetVectorLength,VARIABLE,VECTOR
SETVARIABLE,SetModelData,VARIABLE,ITEM,NUMBER
SETVARIABLE,SetCoords
SETVARIABLE,GetParticleSize,VARIABLE,PARTICLE
ENTITYEVENT,EntityKillEntity
ENTITYEVENT,BlockFall
ENTITYEVENT,EntityDmg
ENTITYEVENT,ProjDmgEntity
ENTITYEVENT,ProjKillEntity
ENTITYEVENT,EntityDeath
ENTITYEVENT,VehicleDamage
ENTITYEVENT,EntityDmgEntity
ENTITYEVENT,FallingBlockLand
PLAYEREVENT,CloseInv
PLAYEREVENT,StartFly
PLAYEREVENT,PickupItem
PLAYEREVENT,BreakBlock
PLAYEREVENT,StartSprint
PLAYEREVENT,MobKillPlayer
PLAYEREVENT,ShootBow
PLAYEREVENT,StopFly
PLAYEREVENT,LeftClick
PLAYEREVENT,PlayerTakeDmg
PLAYEREVENT,ProjHit
PLAYEREVENT,KillPlayer
PLAYEREVENT,ClickInvSlot
PLAYEREVENT,Respawn
PLAYEREVENT,SwapHands
PLAYEREVENT,DamageEntity
PLAYEREVENT,Sneak
PLAYEREVENT,PlayerHeal
PLAYEREVENT,ClickPlayer
PLAYEREVENT,Consume
PLAYEREVENT,Death
PLAYEREVENT,PlaceBlock
PLAYEREVENT,Walk
PLAYEREVENT,Dismount
PLAYEREVENT,CloudImbuePlayer
PLAYEREVENT,Leave
PLAYEREVENT,DropItem
PLAYEREVENT,ChangeSlot
PLAYEREVENT,ClickEntity
PLAYEREVENT,HorseJump
PLAYEREVENT,ShootProjectile
PLAYEREVENT,Unsneak
PLAYEREVENT,Fish
PLAYEREVENT,FallDamage
PLAYEREVENT,BreakItem
PLAYEREVENT,LoopEvent
PLAYEREVENT,RightClick
PLAYEREVENT,ClickMenuSlot
PLAYEREVENT,Riptide
PLAYEREVENT,KillMob
PLAYEREVENT,Join
PLAYEREVENT,EntityDmgPlayer
PLAYEREVENT,StopSprint
PLAYEREVENT,Jump
PLAYEREVENT,ProjDmgPlayer
PLAYEREVENT,Command
PLAYEREVENT,PlayerDmgPlayer
FUNCTION,dynamic
IFENTITY,IsVehicle
IFENTITY,IsGrounded
IFENTITY,IsType,ENTITY_TYPE
IFENTITY,IsProj
IFENTITY,IsMob
IFENTITY,HasCustomTag,TEXT,NUMBER,TEXT
IFENTITY,IsSheared
IFENTITY,IsItem
IFENTITY,Exists
IFENTITY,IsNear,LOCATION,NUMBER
IFENTITY,IsRiding,TEXT
IFENTITY,HasPotion,POTION
IFENTITY,StandingOn,BLOCK,LOCATION
IFENTITY,NameEquals,TEXT
ENTITYACTION,SetParrotColor
ENTITYACTION,Remove
ENTITYACTION,SetVelocity,VECTOR
ENTITYACTION,SetGlowSquidDark,NUMBER
ENTITYACTION,HideName
ENTITYACTION,Damage,NUMBER
ENTITYACTION,SetSheepSheared
ENTITYACTION,SetMobSitting
ENTITYACTION,SetAxolotlColor
ENTITYACTION,SendAnimation
ENTITYACTION,DisableGlowing
ENTITYACTION,SetHorsePattern
ENTITYACTION,Heal,NUMBER,NONE
ENTITYACTION,SetAI
ENTITYACTION,SetRiptiding
ENTITYACTION,SetProjSource,TEXT,NONE
ENTITYACTION,SetFoxLeaping
ENTITYACTION,SetItemOwner
ENTITYACTION,SetPandaGene
ENTITYACTION,SetDyeColor
ENTITYACTION,LaunchUp,NUMBER
ENTITYACTION,SetMaxHealth,NUMBER
ENTITYACTION,SetAge,NUMBER
ENTITYACTION,SetFishingTime,NUMBER
ENTITYACTION,EndCrystalBeam,LOCATION
ENTITYACTION,SetProfession
ENTITYACTION,NoGravity
ENTITYACTION,SetArmsRaised
ENTITYACTION,ClearPotions
ENTITYACTION,ArmorStandParts
ENTITYACTION,SetInvulnerable
ENTITYACTION,ProjColl
ENTITYACTION,ArmorStandTags
ENTITYACTION,SetPickupDelay,NUMBER
ENTITYACTION,SetTarget,TEXT,NONE
ENTITYACTION,DropItems
ENTITYACTION,SetCreeperPower,NUMBER
ENTITYACTION,SetMarker
ENTITYACTION,RemoveCustomTag,TEXT
ENTITYACTION,SetNameVisible
ENTITYACTION,SetInvulTicks,NUMBER
ENTITYACTION,SetAbsorption,NUMBER
ENTITYACTION,SetPose
ENTITYACTION,SetRearing
ENTITYACTION,CreeperCharged
ENTITYACTION,SetFireTicks,NUMBER
ENTITYACTION,SetCloudRadius,NUMBER,NUMBER
ENTITYACTION,SetGravity
ENTITYACTION,SetName,TEXT,NONE
ENTITYACTION,Jump
ENTITYACTION,SetWitherInvul,NUMBER
ENTITYACTION,Silence
ENTITYACTION,SetGliding
ENTITYACTION,SetRotation,NUMBER,NUMBER
ENTITYACTION,SetFishPattern
ENTITYACTION,RideEntity,TEXT,NONE
ENTITYACTION,NoDrops
ENTITYACTION,SetHandItem
ENTITYACTION,EnableGlowing
ENTITYACTION,SetEndermanBlock,BLOCK
ENTITYACTION,Teleport,LOCATION
ENTITYACTION,LaunchToward,LOCATION,NUMBER
ENTITYACTION,SetArmor,ITEM
ENTITYACTION,SetAge/Size
ENTITYACTION,GetCustomTag,VARIABLE,TEXT
ENTITYACTION,LSetArmor
ENTITYACTION,SetCatType
ENTITYACTION,SetSaddle
ENTITYACTION,SetBulletTarget,TEXT
ENTITYACTION,LaunchProj,PROJECTILE,LOCATION,TEXT,NUMBER,NUMBER
ENTITYACTION,SetDragonPhase
ENTITYACTION,SetLlamaColor
ENTITYACTION,SetVillagerBiome
ENTITYACTION,SetCreeperFuse,NUMBER
ENTITYACTION,EnableAI
ENTITYACTION,SetBaby
ENTITYACTION,MooshroomType
ENTITYACTION,SetInvisible
ENTITYACTION,NoProjColl
ENTITYACTION,SheepEat
ENTITYACTION,SetCatResting
ENTITYACTION,GivePotion,POTION
ENTITYACTION,Tame,TEXT,NONE
ENTITYACTION,SetGlowing
ENTITYACTION,SetGoatScreaming
ENTITYACTION,SetHealth,NUMBER
ENTITYACTION,MobDisguise,SPAWN_EGG,TEXT
ENTITYACTION,BlockDisguise,BLOCK,TEXT
ENTITYACTION,SetMinecartBlock,BLOCK,NUMBER
ENTITYACTION,FoxSleeping
ENTITYACTION,SetCollidable
ENTITYACTION,ArmorStandPose,VECTOR,NUMBER,NUMBER,NUMBER
ENTITYACTION,LaunchFwd,NUMBER
ENTITYACTION,SetFallDistance,NUMBER
ENTITYACTION,MoveToLoc,LOCATION,NUMBER,NONE
ENTITYACTION,SetEquipment,ITEM
ENTITYACTION,AttackAnimation
ENTITYACTION,SetSilenced
ENTITYACTION,SetBeeNectar
ENTITYACTION,AttachLead,TEXT,LOCATION
ENTITYACTION,SnowmanPumpkin
ENTITYACTION,SetCustomTag,TEXT,NUMBER,TEXT
ENTITYACTION,RemovePotion,POTION
ENTITYACTION,Gravity
ENTITYACTION,ShearSheep
ENTITYACTION,ArmorStandSlots
ENTITYACTION,SetRabbitType
ENTITYACTION,SetSize,NUMBER
ENTITYACTION,NoAI
ENTITYACTION,ShowName
ENTITYACTION,PlayerDisguise,TEXT,ITEM
ENTITYACTION,SetAngry
ENTITYACTION,SetItem,ITEM
ENTITYACTION,Explode
ENTITYACTION,MoveTo
ENTITYACTION,Undisguise
ENTITYACTION,SetDeathDrops
ENTITYACTION,SetPersistent
ENTITYACTION,SetVillagerExp,NUMBER
ENTITYACTION,IgniteCreeper
ENTITYACTION,SetCelebrating
ENTITYACTION,ProjectileItem,ITEM
ENTITYACTION,SetHorseJump,NUMBER
ENTITYACTION,Unsilence
ENTITYACTION,SetCarryingChest
ENTITYACTION,SetFoxType
IFVARIABLE,<=,NUMBER,NUMBER
IFVARIABLE,DictValueEquals,DICT,TEXT,ANY_TYPE
IFVARIABLE,ItemHasTag,ITEM,TEXT,NUMBER,TEXT
IFVARIABLE,StartsWith,TEXT,TEXT
IFVARIABLE,ListValueEq,LIST,NUMBER,ANY_TYPE
IFVARIABLE,VarIsType,ANY_TYPE
IFVARIABLE,TextMatches
IFVARIABLE,IsNear
IFVARIABLE,VarExists,VARIABLE
IFVARIABLE,Legacy!=
IFVARIABLE,ItemEquals,ITEM,ITEM
IFVARIABLE,ListContains,LIST,ANY_TYPE
IFVARIABLE,Legacy=
IFVARIABLE,InRange,ANY_TYPE,ANY_TYPE,ANY_TYPE
IFVARIABLE,LocIsNear,LOCATION,LOCATION,NUMBER
IFVARIABLE,Contains,TEXT,TEXT
IFVARIABLE,TextMatches,TEXT,TEXT
IFVARIABLE,!=,ANY_TYPE,ANY_TYPE
IFVARIABLE,<,NUMBER,NUMBER
IFVARIABLE,=,ANY_TYPE,ANY_TYPE
IFVARIABLE,>,NUMBER,NUMBER
IFVARIABLE,EndsWith,TEXT,TEXT
IFVARIABLE,>=,NUMBER,NUMBER
IFVARIABLE,DictHasKey,DICT,TEXT
SELECTOBJECT,LastMob
SELECTOBJECT,RandomPlayer,NUMBER
SELECTOBJECT,LastEntity
SELECTOBJECT,Shooter
SELECTOBJECT,AllMobs
SELECTOBJECT,EntityName,TEXT
SELECTOBJECT,FilterRandom,NUMBER
SELECTOBJECT,DefaultEntity
SELECTOBJECT,PlayerName,TEXT
SELECTOBJECT,AllEntities
SELECTOBJECT,Damager
SELECTOBJECT,FilterDistance,LOCATION,NUMBER
SELECTOBJECT,FilterRay,VARIABLE,LOCATION,NUMBER,NUMBER,NUMBER
SELECTOBJECT,Reset
SELECTOBJECT,EventTarget
SELECTOBJECT,Killer
SELECTOBJECT,Victim
SELECTOBJECT,EntitiesCond
SELECTOBJECT,AllPlayers
SELECTOBJECT,Invert
SELECTOBJECT,RandomEntity
SELECTOBJECT,FilterCondition
SELECTOBJECT,MobsCond
SELECTOBJECT,FilterSort,ANY_TYPE,NUMBER
SELECTOBJECT,Projectile
SELECTOBJECT,DefaultPlayer
SELECTOBJECT,PlayersCond
SELECTOBJECT,MobName
GAMEACTION,StartLoop
GAMEACTION,SetFurnaceSpeed,LOCATION,NUMBER
GAMEACTION,BlockDropsOn
GAMEACTION,FillContainer,LOCATION,ITEM
GAMEACTION,BreakBlock,LOCATION
GAMEACTION,LPFXSpiral
GAMEACTION,ParticleSphere
GAMEACTION,BoneMeal,LOCATION,NUMBER
GAMEACTION,DebugStackTrace
GAMEACTION,FallingBlock,LOCATION,BLOCK,BLOCK_TAG,NONE
GAMEACTION,DiscordWebhook,TEXT,TEXT
GAMEACTION,ChangeSign,LOCATION,NUMBER,TEXT
GAMEACTION,TickBlock,LOCATION,NUMBER
GAMEACTION,WebRequest,TEXT,TEXT
GAMEACTION,ClearScBoard
GAMEACTION,HideSidebar
GAMEACTION,ReplaceItems,LOCATION,ITEM,ITEM,NUMBER
GAMEACTION,SetEventProj,PROJECTILE
GAMEACTION,Explosion,LOCATION,NUMBER
GAMEACTION,SpawnMob,SPAWN_EGG,LOCATION,NUMBER,TEXT,POTION,ITEM
GAMEACTION,ParticleLineA
GAMEACTION,SpawnEnderEye,LOCATION,LOCATION,NUMBER,TEXT
GAMEACTION,ShowSidebar
GAMEACTION,SpawnPotionCloud,LOCATION,POTION,NUMBER,NUMBER
GAMEACTION,ParticleSpiral
GAMEACTION,SetBlockData,LOCATION,BLOCK_TAG
GAMEACTION,LaunchProj,PROJECTILE,LOCATION,TEXT,NUMBER,NUMBER
GAMEACTION,Firework,ITEM,LOCATION
GAMEACTION,SetBlock,BLOCK,LOCATION,BLOCK_TAG
GAMEACTION,SetEventDamage,NUMBER
GAMEACTION,SetBlockGrowth,LOCATION,NUMBER
GAMEACTION,Wait
GAMEACTION,SetContainerName,LOCATION,TEXT
GAMEACTION,SpawnItem,ITEM,LOCATION,TEXT
GAMEACTION,SetHead,LOCATION,ITEM,TEXT
GAMEACTION,RemoveHologram
GAMEACTION,RemoveItems,LOCATION,ITEM
GAMEACTION,ShulkerBullet,LOCATION
GAMEACTION,SpawnRngItem
GAMEACTION,FireworkEffect
GAMEACTION,SetRegion,BLOCK,LOCATION,LOCATION,BLOCK_TAG
GAMEACTION,SetContainer,LOCATION,ITEM
GAMEACTION,SetItemInSlot,LOCATION,ITEM,NUMBER
GAMEACTION,ParticleCircleA
GAMEACTION,CloneRegion,LOCATION,LOCATION,LOCATION,LOCATION
GAMEACTION,UncancelEvent
GAMEACTION,SpawnTNT,LOCATION,NUMBER,NUMBER,TEXT
GAMEACTION,SpawnArmorStand,LOCATION,TEXT,ITEM
GAMEACTION,SpawnExpOrb,LOCATION,NUMBER,TEXT
GAMEACTION,SetEventHeal,NUMBER
GAMEACTION,PFXPath
GAMEACTION,ParticleRay
GAMEACTION,GenerateTree,LOCATION
GAMEACTION,StopLoop
GAMEACTION,ClearContainer,LOCATION
GAMEACTION,SetScObj,TEXT
GAMEACTION,CancelEvent
GAMEACTION,SpawnCrystal,LOCATION,TEXT
GAMEACTION,ParticleEffect
GAMEACTION,SpawnFangs,LOCATION,TEXT
GAMEACTION,SetEventSound,SOUND
GAMEACTION,SetCampfireItem,LOCATION,ITEM,NUMBER
GAMEACTION,SetEventXP,NUMBER
GAMEACTION,LockContainer,LOCATION,TEXT,NONE
GAMEACTION,SpawnVehicle,VEHICLE,LOCATION,TEXT
GAMEACTION,Lightning,LOCATION
GAMEACTION,ParticleSpiralA
GAMEACTION,RemoveScore,TEXT
GAMEACTION,CreateHologram
GAMEACTION,SetScore,TEXT,NUMBER
GAMEACTION,ParticleCluster
GAMEACTION,ParticleCircle
GAMEACTION,BlockDropsOff
GAMEACTION,PFXLine[A]
GAMEACTION,ClearItems,LOCATION,ITEM
GAMEACTION,ParticleLine
PROCESS,dynamic
REPEAT,Adjacent,VARIABLE,LOCATION
REPEAT,Path,VARIABLE,LOCATION,NUMBER
REPEAT,Sphere,VARIABLE,LOCATION,NUMBER,NUMBER
REPEAT,Forever
REPEAT,Multiple,VARIABLE,NUMBER
REPEAT,Grid,VARIABLE,LOCATION,LOCATION
REPEAT,While
REPEAT,Range,VARIABLE,NUMBER,NUMBER,NUMBER
REPEAT,ForEachEntry,VARIABLE,VARIABLE,DICT
REPEAT,ForEach,VARIABLE,LIST
IFGAME,SignHasTxt,LOCATION,TEXT
IFGAME,HasRoomForItem,LOCATION,ITEM,NONE
IFGAME,EventBlockEquals,BLOCK
IFGAME,CommandEquals,TEXT
IFGAME,EventItemEquals,ITEM
IFGAME,ContainerHas,LOCATION,ITEM
IFGAME,BlockEquals,LOCATION,BLOCK,BLOCK_TAG
IFGAME,BlockPowered,LOCATION
IFGAME,HasPlayer,TEXT
IFGAME,ContainerHasAll,LOCATION,ITEM
IFGAME,CmdArgEquals,TEXT,NUMBER
IFGAME,EventCancelled